ContextImpl.java,android.app.ContextImpl.startServiceCommon,#14760,2281,5,https://fabric.io/launcher5/android/apps/com.smart.color.phone.emoji/issues/5b73676e6007d59fcdce164f?
CrashGuard.java,com.smart.color.phone.emoji.debug.CrashGuard$1.run,#12948,1911,346,https://fabric.io/launcher5/android/apps/com.smart.color.phone.emoji/issues/5b509d476007d59fcd10a9ad?
AcbContentProviderUtils.java,net.appcloudbox.common.utils.AcbContentProviderUtils.call,#16608,1801,707,https://fabric.io/launcher5/android/apps/com.smart.color.phone.emoji/issues/5b9fe33cf8b88c29633b3f64?
AutoResizeNoPaddingTextView.java,com.smart.color.phone.emoji.view.AutoResizeNoPaddingTextView.onDraw,#16808,653,100,https://fabric.io/launcher5/android/apps/com.smart.color.phone.emoji/issues/5ba4d595f8b88c2963b88358?
ContextImpl.java,android.app.ContextImpl.startServiceCommon,#13928,535,50,https://fabric.io/launcher5/android/apps/com.smart.color.phone.emoji/issues/5b6039536007d59fcd54143f?
FallMasterProActivity.java,com.smart.color.phone.emoji.fallmaster.FallMasterProActivity.showResultDialog,#16814,220,57,https://fabric.io/launcher5/android/apps/com.smart.color.phone.emoji/issues/5ba52362f8b88c2963c27fb7?
Object.java,java.lang.Object.wait,#174,174,89,https://fabric.io/launcher5/android/apps/com.smart.color.phone.emoji/issues/5a1745c661b02d480d1c8780?
ContextImpl.java,android.app.ContextImpl.startServiceCommon,#14805,99,8,https://fabric.io/launcher5/android/apps/com.smart.color.phone.emoji/issues/5b7470666007d59fcde162c2?
ContextImpl.java,android.app.ContextImpl.startServiceCommon,#15226,74,1,https://fabric.io/launcher5/android/apps/com.smart.color.phone.emoji/issues/5b7e9a596007d59fcd9748f9?
JsonUtils.java,net.appcloudbox.autopilot.core.JsonUtils.deepCopy,#16620,66,49,https://fabric.io/launcher5/android/apps/com.smart.color.phone.emoji/issues/5ba03293f8b88c296342f074?
Binder.java,android.os.BinderProxy.transactNative,#44,61,26,https://fabric.io/launcher5/android/apps/com.smart.color.phone.emoji/issues/5a0a88df61b02d480d62dd05?
AppWidgetManagerCompatVL.java,com.smart.color.phone.emoji.compat.AppWidgetManagerCompatVL.getAllProviders,#1268,56,39,https://fabric.io/launcher5/android/apps/com.smart.color.phone.emoji/issues/5a453a078cb3c2fa63d17712?
Parcel.java,android.os.Parcel.readException,#13665,39,25,https://fabric.io/launcher5/android/apps/com.smart.color.phone.emoji/issues/5b5b60af6007d59fcdf68476?
BaseDialogFragment.java,com.smart.color.phone.emoji.base.BaseDialogFragment.show,#14556,39,29,https://fabric.io/launcher5/android/apps/com.smart.color.phone.emoji/issues/5b6e8f566007d59fcd7658a3?
Parcel.java,android.os.Parcel.readException,#97,36,22,https://fabric.io/launcher5/android/apps/com.smart.color.phone.emoji/issues/5a0ec72261b02d480da1523d?
AsyncProcessor.java,com.ihs.device.common.async.AsyncProcessor.executeOnExecutor,#2091,33,1,https://fabric.io/launcher5/android/apps/com.smart.color.phone.emoji/issues/5a556d958cb3c2fa63871b02?
LockPatternView.java,com.smart.color.phone.emoji.applock.view.LockPatternView.detectAndAddHit,#7607,27,18,https://fabric.io/launcher5/android/apps/com.smart.color.phone.emoji/issues/5ae611eb638393737aafd23b?
n,com.facebook.ads.internal.view.n.onDestroy,#15794,27,8,https://fabric.io/launcher5/android/apps/com.smart.color.phone.emoji/issues/5b8dd8746007d59fcda608d2?
Binder.java,android.os.BinderProxy.destroy,#78,24,19,https://fabric.io/launcher5/android/apps/com.smart.color.phone.emoji/issues/5a0cf7c561b02d480d85a1b9?
LockPatternView.java,com.smart.color.phone.emoji.applock.view.LockPatternView.detectAndAddHit,#7402,20,15,https://fabric.io/launcher5/android/apps/com.smart.color.phone.emoji/issues/5ae0a32636c7b235270eeb7e?
L.java,net.appcloudbox.autopilot.utils.L.debugAssert,#10387,19,5,https://fabric.io/launcher5/android/apps/com.smart.color.phone.emoji/issues/5b1a3ca66007d59fcd3b34a2?
AssetManager.java,android.content.res.AssetManager.destroy,#67,17,11,https://fabric.io/launcher5/android/apps/com.smart.color.phone.emoji/issues/5a0c82b161b02d480d7ff631?
MediaPlayer.java,android.media.MediaPlayer.native_finalize,#472,17,11,https://fabric.io/launcher5/android/apps/com.smart.color.phone.emoji/issues/5a22f99e61b02d480dbdf8e1?
Dimensions.java,com.vertical.color.phone.contact.ContactManager.INSTANCE,#16823,17,13,https://fabric.io/launcher5/android/apps/com.smart.color.phone.emoji/issues/5ba58633f8b88c2963cc43a4?
a,net.appcloudbox.ads.adadapter.DfpInterstitialAdapter.a.show,#9407,15,12,https://fabric.io/launcher5/android/apps/com.smart.color.phone.emoji/issues/5b0979156007d59fcd038cd9?
IconBitmapUtils.java,com.huawei.android.hwutil.IconBitmapUtils.getIconInfo,#651,12,6,https://fabric.io/launcher5/android/apps/com.smart.color.phone.emoji/issues/5a2aba018cb3c2fa636ec44a?
LottieComposition.java,com.airbnb.lottie.LottieComposition$Factory.fromAssetFileName,#13443,11,5,https://fabric.io/launcher5/android/apps/com.smart.color.phone.emoji/issues/5b57c8626007d59fcda694ef?
SelectionPopupControllerImpl,org.chromium.content.browser.selection.SelectionPopupControllerImpl.c,#16101,11,7,https://fabric.io/launcher5/android/apps/com.smart.color.phone.emoji/issues/5b94f7bb6007d59fcd23c216?
ThreadedRenderer.java,android.view.ThreadedRenderer.nDeleteProxy,#129,10,8,https://fabric.io/launcher5/android/apps/com.smart.color.phone.emoji/issues/5a119c3d61b02d480dc7fd88?
ViewPagerFixed.java,com.superapps.view.ViewPagerFixed.onTouchEvent,#3500,10,5,https://fabric.io/launcher5/android/apps/com.smart.color.phone.emoji/issues/5a7b396e8cb3c2fa63850249?
Parcel.java,android.os.Parcel.readException,#14674,10,7,https://fabric.io/launcher5/android/apps/com.smart.color.phone.emoji/issues/5b7199826007d59fcdac4c0b?
MergePathsContent,com.airbnb.lottie.animation.content.MergePathsContent.remainderPath,#16874,10,3,https://fabric.io/launcher5/android/apps/com.smart.color.phone.emoji/issues/5ba7523ef8b88c2963f63aa0?
LauncherActivityInfoCompatVL.java,com.smart.color.phone.emoji.compat.LauncherActivityInfoCompatVL.getFirstInstallTime,#7008,9,6,https://fabric.io/launcher5/android/apps/com.smart.color.phone.emoji/issues/5ada07a736c7b2352777502c?
OppoMediaPlayer.java,com.oppo.media.OppoMediaPlayer._setVideoSurface,#13031,9,5,https://fabric.io/launcher5/android/apps/com.smart.color.phone.emoji/issues/5b522b1d6007d59fcd331471?
Parcel.java,android.os.Parcel.readException,#13946,9,8,https://fabric.io/launcher5/android/apps/com.smart.color.phone.emoji/issues/5b608c9a6007d59fcd5c4aa7?
HandlerSurfaceView.java,com.smart.color.phone.emoji.game.anim.HandlerSurfaceView.onSurfaceViewDraw,#14614,9,6,https://fabric.io/launcher5/android/apps/com.smart.color.phone.emoji/issues/5b7010ec6007d59fcd8ffe9f?
WallpaperUtils,com.smart.color.phone.emoji.customize.wallpaper.WallpaperUtils$$Lambda$1.run,#13973,8,4,https://fabric.io/launcher5/android/apps/com.smart.color.phone.emoji/issues/5b60ef4d6007d59fcd6473b3?
LauncherAppsCompatVL.java,com.smart.color.phone.emoji.compat.LauncherAppsCompatVL.isPackageEnabledForProfile,#7099,7,4,https://fabric.io/launcher5/android/apps/com.smart.color.phone.emoji/issues/5adb0dce36c7b23527901b4f?
Workspace.java,com.smart.color.phone.emoji.desktop.Workspace.com.smart.color.phone.emoji.desktop.CellLayout.addScreenManagerLayer,#15733,7,1,https://fabric.io/launcher5/android/apps/com.smart.color.phone.emoji/issues/5b8c911b6007d59fcd8fb76d?
Bitmaps.java,com.superapps.util.Bitmaps.fastBlurImpl,#10833,6,5,https://fabric.io/launcher5/android/apps/com.smart.color.phone.emoji/issues/5b23a1936007d59fcde30903?
CellLayout.java,com.smart.color.phone.emoji.desktop.CellLayout.com.smart.color.phone.emoji.desktop.CellLayout$ViewCluster.isViewTouchingEdge,#15689,6,5,https://fabric.io/launcher5/android/apps/com.smart.color.phone.emoji/issues/5b8b910f6007d59fcd7efaa4?
SessionMgr.java,net.appcloudbox.autopilot.core.SessionMgr.endSession,#16650,6,3,https://fabric.io/launcher5/android/apps/com.smart.color.phone.emoji/issues/5ba110b5f8b88c2963581391?
GLSurfaceView.java,android.opengl.GLSurfaceView$BaseConfigChooser.chooseConfig,#888,5,1,https://fabric.io/launcher5/android/apps/com.smart.color.phone.emoji/issues/5a3561398cb3c2fa63073c2f?
RequestManagerRetriever.java,com.bumptech.glide.manager.RequestManagerRetriever.getRequestManagerFragment,#3355,5,4,https://fabric.io/launcher5/android/apps/com.smart.color.phone.emoji/issues/5a7869858cb3c2fa635aff8d?
ThemeOnlinePreviewActivity.java,com.smart.color.phone.emoji.customize.activity.ThemeOnlinePreviewActivity$PreviewAdapter.instantiateItem,#5088,5,3,https://fabric.io/launcher5/android/apps/com.smart.color.phone.emoji/issues/5aa3ec5a8cb3c2fa63bdda2c?
IconPackManager.java,com.smart.color.phone.emoji.icon.IconPackManager$IconPackRefreshTask.doRefresh,#15730,5,3,https://fabric.io/launcher5/android/apps/com.smart.color.phone.emoji/issues/5b8c74296007d59fcd8e5e1d?
ResultController.java,com.smart.color.phone.emoji.resultpage.ResultController.onStartTransitionAnimation,#16933,5,2,https://fabric.io/launcher5/android/apps/com.smart.color.phone.emoji/issues/5ba8fa03f8b88c29631f5ebc?
Posix.java,libcore.io.Posix.close,#313,4,2,https://fabric.io/launcher5/android/apps/com.smart.color.phone.emoji/issues/5a1d167c61b02d480d6be32c?
AssetManager.java,android.content.res.AssetManager$AssetInputStream.close,#970,4,1,https://fabric.io/launcher5/android/apps/com.smart.color.phone.emoji/issues/5a39c4c38cb3c2fa6341f6f8?
BubbleAnimationView.java,com.ihs.chargingreport.views.BubbleAnimationView.startBubbleAnimation,#3232,4,3,https://fabric.io/launcher5/android/apps/com.smart.color.phone.emoji/issues/5a75fa3b8cb3c2fa633ae9b6?
DefaultConnectivityMonitor.java,com.bumptech.glide.manager.DefaultConnectivityMonitor.register,#3291,4,4,https://fabric.io/launcher5/android/apps/com.smart.color.phone.emoji/issues/5a771d498cb3c2fa63496e8d?
ThemeDetailItemView.java,com.smart.color.phone.emoji.customize.theme.ThemeDetailItemView.,#3359,4,3,https://fabric.io/launcher5/android/apps/com.smart.color.phone.emoji/issues/5a7881128cb3c2fa635cadf7?
GameView,net.appcloudbox.internal.h5game.GameView.a,#8371,4,1,https://fabric.io/launcher5/android/apps/com.smart.color.phone.emoji/issues/5af60bbe11e9fa0aa541bc99?
DragLayer.java,com.smart.color.phone.emoji.desktop.DragLayer.animateViewIntoPosition$401e2b94$327d5624,#13025,4,3,https://fabric.io/launcher5/android/apps/com.smart.color.phone.emoji/issues/5b521a656007d59fcd317da2?
IconPackManager.java,com.smart.color.phone.emoji.icon.IconPackManager.getIconInfo,#13996,4,1,https://fabric.io/launcher5/android/apps/com.smart.color.phone.emoji/issues/5b6168db6007d59fcd6cf2e3?
SearchLayout.java,com.smart.color.phone.emoji.desktop.search.SearchLayout.onFinishInflate,#14649,4,2,https://fabric.io/launcher5/android/apps/com.smart.color.phone.emoji/issues/5b7107546007d59fcda01fea?
Parcel.java,android.os.Parcel.readException,#14659,4,3,https://fabric.io/launcher5/android/apps/com.smart.color.phone.emoji/issues/5b713a556007d59fcda3df18?
n,com.facebook.ads.internal.view.n.onDestroy,#15750,4,3,https://fabric.io/launcher5/android/apps/com.smart.color.phone.emoji/issues/5b8cfb736007d59fcd9644f7?
:com.google.android.gms.dynamite_adsdynamite@13280006@13.2.80 (000302-211705629),com.google.android.gms.ads.internal.webview.j.l,#16210,4,3,https://fabric.io/launcher5/android/apps/com.smart.color.phone.emoji/issues/5b97cd1a6007d59fcd58cb04?
:com.google.android.gms.dynamite_adsdynamite@13280046@13.2.80 (040306-211705629),com.acb.call.ImageLoader.g_,#16281,4,4,https://fabric.io/launcher5/android/apps/com.smart.color.phone.emoji/issues/5b991c686007d59fcd758a78?
ScratchView.java,com.honeycomb.launcher.game.luckydraw.ScratchView.onWindowVisibilityChanged,#16810,4,1,https://fabric.io/launcher5/android/apps/com.smart.color.phone.emoji/issues/5ba4ddd8f8b88c2963b98903?
Launcher.java,com.smart.color.phone.emoji.desktop.Launcher.onCreate,#16908,4,3,https://fabric.io/launcher5/android/apps/com.smart.color.phone.emoji/issues/5ba81ac5f8b88c29630ae8a6?
DeviceFormFactor,org.chromium.ui.base.DeviceFormFactor.b,#16939,4,1,https://fabric.io/launcher5/android/apps/com.smart.color.phone.emoji/issues/5ba92a56f8b88c296324f4f1?
Launcher.java,com.smart.color.phone.emoji.desktop.Launcher.startActivity,#16945,4,2,https://fabric.io/launcher5/android/apps/com.smart.color.phone.emoji/issues/5ba94d49f8b88c2963288f0d?
Thread.java,java.lang.Thread.nativeCreate,#89,3,3,https://fabric.io/launcher5/android/apps/com.smart.color.phone.emoji/issues/5a0dcdc061b02d480d93c49d?
ShortcutBadger.java,me.leolin.shortcutbadger.ShortcutBadger.initBadger,#418,3,3,https://fabric.io/launcher5/android/apps/com.smart.color.phone.emoji/issues/5a206c8561b02d480d9b4719?
SQLiteConnection.java,android.database.sqlite.SQLiteConnection.nativeExecuteForChangedRowCount,#1377,3,2,https://fabric.io/launcher5/android/apps/com.smart.color.phone.emoji/issues/5a47758b8cb3c2fa63ea27f5?
ResourcesEx.java,com.huawei.android.content.res.ResourcesEx.loadDrawable,#1719,3,2,https://fabric.io/launcher5/android/apps/com.smart.color.phone.emoji/issues/5a4ce6148cb3c2fa632326f6?
LauncherProvider.java,com.smart.color.phone.emoji.model.LauncherProvider.applyBatch,#3164,3,3,https://fabric.io/launcher5/android/apps/com.smart.color.phone.emoji/issues/5a74cc0c8cb3c2fa632ac943?
SingleRequest.java,com.bumptech.glide.request.SingleRequest.loadDrawableV7,#3229,3,2,https://fabric.io/launcher5/android/apps/com.smart.color.phone.emoji/issues/5a75f2818cb3c2fa633a73a7?
LauncherProvider.java,com.smart.color.phone.emoji.model.LauncherProvider.applyBatch,#3665,3,3,https://fabric.io/launcher5/android/apps/com.smart.color.phone.emoji/issues/5a7e1af78cb3c2fa63b171af?
Navigations.java,com.superapps.util.Navigations.startActivityForResultSafely,#3718,3,3,https://fabric.io/launcher5/android/apps/com.smart.color.phone.emoji/issues/5a7ed5ab8cb3c2fa63ba8d18?
h,com.facebook.ads.internal.p.b.h.b,#5132,3,3,https://fabric.io/launcher5/android/apps/com.smart.color.phone.emoji/issues/5aa48c2c8cb3c2fa63c620eb?
d,com.facebook.ads.internal.view.b.d.a,#5148,3,1,https://fabric.io/launcher5/android/apps/com.smart.color.phone.emoji/issues/5aa4b8c18cb3c2fa63c7eb55?
BatteryReceiver.java,com.smart.color.phone.emoji.receiver.BatteryReceiver.onReceive,#8261,3,1,https://fabric.io/launcher5/android/apps/com.smart.color.phone.emoji/issues/5af45e5a11e9fa0aa51ad5ae?
AdmobBannerAdapter,net.appcloudbox.ads.adadapter.AdmobBannerAdapter.AdmobBannerAdapter$2.run,#10360,3,1,https://fabric.io/launcher5/android/apps/com.smart.color.phone.emoji/issues/5b19c8586007d59fcd33d726?
LogisticsCenter.java,com.alibaba.android.arouter.core.LogisticsCenter.init,#13137,3,2,https://fabric.io/launcher5/android/apps/com.smart.color.phone.emoji/issues/5b53c9cb6007d59fcd5340c0?
wY,wY.b,#13455,3,1,https://fabric.io/launcher5/android/apps/com.smart.color.phone.emoji/issues/5b57f5586007d59fcda962b7?
Utils.java,com.smart.color.phone.emoji.util.Utils.isLaunchAbleApp,#14680,3,3,https://fabric.io/launcher5/android/apps/com.smart.color.phone.emoji/issues/5b71a43f6007d59fcdad4cb5?
CellLayout.java,com.smart.color.phone.emoji.desktop.CellLayout.com.smart.color.phone.emoji.desktop.CellLayout$ViewCluster.isViewTouchingEdge,#15707,3,3,https://fabric.io/launcher5/android/apps/com.smart.color.phone.emoji/issues/5b8bfc8c6007d59fcd86be80?
WelcomeActivity.java,com.smart.color.phone.emoji.desktop.welcome.WelcomeActivity.onCreate,#15887,3,1,https://fabric.io/launcher5/android/apps/com.smart.color.phone.emoji/issues/5b8fd9496007d59fcdc9ca8f?
LU,LU.run,#16090,3,1,https://fabric.io/launcher5/android/apps/com.smart.color.phone.emoji/issues/5b948c166007d59fcd1d2f87?
ScratchView.java,com.honeycomb.launcher.game.luckydraw.ScratchView$WeakReferenceAsyncTask.doInBackground,#16807,3,1,https://fabric.io/launcher5/android/apps/com.smart.color.phone.emoji/issues/5ba4d336f8b88c2963b83a4f?
ScratchView.java,com.honeycomb.launcher.game.luckydraw.ScratchView.updateErasePercent,#16809,3,1,https://fabric.io/launcher5/android/apps/com.smart.color.phone.emoji/issues/5ba4d7b2f8b88c2963b8c69a?
:com.google.android.gms.dynamite_adsdynamite@13280046@13.2.80 (040306-211705629),bolts.CancellationTokenRegistration.lock,#16889,3,2,https://fabric.io/launcher5/android/apps/com.smart.color.phone.emoji/issues/5ba7bb23f8b88c2963019959?
:com.google.android.gms.dynamite_adsdynamite@13280051@13.2.80 (040408-211705629),com.acb.gamecenter.GamePreferences.increasePointBy,#16950,3,1,https://fabric.io/launcher5/android/apps/com.smart.color.phone.emoji/issues/5ba95e90f8b88c29632a16cd?
Pattern.java,java.util.regex.Pattern.closeImpl,#28,2,2,https://fabric.io/launcher5/android/apps/com.smart.color.phone.emoji/issues/5a05645761b02d480d1eab91?
Daemons.java,java.lang.Daemons$Daemon.isRunning,#249,2,2,https://fabric.io/launcher5/android/apps/com.smart.color.phone.emoji/issues/5a1a0c2d61b02d480d45f6c8?
HSNetworkUtils.java,com.ihs.commons.utils.HSNetworkUtils.checkWall,#304,2,2,https://fabric.io/launcher5/android/apps/com.smart.color.phone.emoji/issues/5a1c95e261b02d480d66a2d9?
Daemons.java,java.lang.Daemons$Daemon.isRunning,#456,2,1,https://fabric.io/launcher5/android/apps/com.smart.color.phone.emoji/issues/5a220c0661b02d480db18cef?
BinderInternal.java,com.android.internal.os.BinderInternal$GcWatcher.finalize,#497,2,1,https://fabric.io/launcher5/android/apps/com.smart.color.phone.emoji/issues/5a23cdeb61b02d480dc6bbbd?
Matcher.java,java.util.regex.Matcher.closeImpl,#582,2,2,https://fabric.io/launcher5/android/apps/com.smart.color.phone.emoji/issues/5a27542161b02d480df4d9de?
Daemons.java,java.lang.Daemons$Daemon.isRunning,#874,2,1,https://fabric.io/launcher5/android/apps/com.smart.color.phone.emoji/issues/5a344f698cb3c2fa63f83c9a?
AssetManager.java,android.content.res.AssetManager$AssetInputStream.close,#952,2,1,https://fabric.io/launcher5/android/apps/com.smart.color.phone.emoji/issues/5a3894528cb3c2fa6330a5ef?
ActivityThread.java,android.app.ActivityThread.checkPowerSavingState,#958,2,1,https://fabric.io/launcher5/android/apps/com.smart.color.phone.emoji/issues/5a39060e8cb3c2fa63373a2e?
AppUsageMonitorMgr.java,com.ihs.device.monitor.usage.monitor.AppUsageMonitorMgr$1.com.ihs.device.monitor.usage.monitor.AppUsageMonitorTask.start,#1047,2,1,https://fabric.io/launcher5/android/apps/com.smart.color.phone.emoji/issues/5a3f42118cb3c2fa638ba83f?
ANRManagerNative.java,android.app.ANRManagerNative.asInterface,#1195,2,1,https://fabric.io/launcher5/android/apps/com.smart.color.phone.emoji/issues/5a43a0d28cb3c2fa63bd6635?
GmailBadger.java,com.smart.color.phone.emoji.badge.GmailBadger.getGmailAccount,#1620,2,1,https://fabric.io/launcher5/android/apps/com.smart.color.phone.emoji/issues/5a4bb4b68cb3c2fa631626be?
VMRuntime.java,dalvik.system.VMRuntime.newNonMovableArray,#2852,2,1,https://fabric.io/launcher5/android/apps/com.smart.color.phone.emoji/issues/5a6e01d88cb3c2fa63cbf3a6?
LauncherProvider.java,com.smart.color.phone.emoji.model.LauncherProvider.applyBatch,#3349,2,1,https://fabric.io/launcher5/android/apps/com.smart.color.phone.emoji/issues/5a783d878cb3c2fa6357e340?
LauncherAppsCompatVL.java,com.smart.color.phone.emoji.compat.LauncherAppsCompatVL.addOnAppsChangedCallback,#6577,2,2,https://fabric.io/launcher5/android/apps/com.smart.color.phone.emoji/issues/5acbf57a36c7b2352706b12d?
FirebaseApp,com.google.firebase.FirebaseApp.getInstance,#7010,2,1,https://fabric.io/launcher5/android/apps/com.smart.color.phone.emoji/issues/5ada0bad36c7b2352777d501?
AcbHttpConnection.java,net.appcloudbox.autopilot.connection.AcbHttpConnection.start,#7048,2,1,https://fabric.io/launcher5/android/apps/com.smart.color.phone.emoji/issues/5ada6b0436c7b2352782816b?
AndroidHttpRequestEngine.java,net.appcloudbox.autopilot.connection.AndroidHttpRequestEngine.getResponseCode,#7183,2,1,https://fabric.io/launcher5/android/apps/com.smart.color.phone.emoji/issues/5adc4ac536c7b23527ac0fed?
DexPathList.java,dalvik.system.DexPathList.findClass,#7436,2,1,https://fabric.io/launcher5/android/apps/com.smart.color.phone.emoji/issues/5ae15071638393737a41983c?
UserManagerCompatV17.java,com.smart.color.phone.emoji.compat.UserManagerCompatV17.getSerialNumberForUser,#7635,2,2,https://fabric.io/launcher5/android/apps/com.smart.color.phone.emoji/issues/5ae6aa0d638393737aba8fa7?
ChargingReportActivity.java,com.ihs.chargingreport.ChargingReportActivity.onCreate,#7932,2,1,https://fabric.io/launcher5/android/apps/com.smart.color.phone.emoji/issues/5aed72b511e9fa0aa583de1f?
AcbServerAPIConnection.java,net.appcloudbox.autopilot.connection.AcbServerAPIConnection.getFormURLEncodedString,#8153,2,1,https://fabric.io/launcher5/android/apps/com.smart.color.phone.emoji/issues/5af2375b11e9fa0aa5ea468c?
AwContentsClientBridge.java,org.chromium.android_webview.AwContentsClientBridge.shouldOverrideUrlLoading,#10670,2,1,https://fabric.io/launcher5/android/apps/com.smart.color.phone.emoji/issues/5b1fb9f26007d59fcd9a48db?
DisplayUtils.java,net.appcloudbox.game.DisplayUtils.getBitmapFromNinePatchDrawable,#10985,2,2,https://fabric.io/launcher5/android/apps/com.smart.color.phone.emoji/issues/5b260e696007d59fcd0ce4dc?
BubbleTextView.java,com.smart.color.phone.emoji.desktop.BubbleTextView.com.smart.color.phone.emoji.desktop.FastBitmapDrawable.setPressed,#11043,2,1,https://fabric.io/launcher5/android/apps/com.smart.color.phone.emoji/issues/5b26ca3b6007d59fcd19fbe4?
ThreadUtils,com.google.android.gms.common.util.ThreadUtils.isMainThread,#11121,2,2,https://fabric.io/launcher5/android/apps/com.smart.color.phone.emoji/issues/5b28236c6007d59fcd312704?
:com.google.android.gms.dynamite_adsdynamite@12874002@12.8.74 (000304-204998136),com.google.android.gms.ads.internal.webview.j.k,#13101,2,1,https://fabric.io/launcher5/android/apps/com.smart.color.phone.emoji/issues/5b5360306007d59fcd4b8b7c?
Stats.java,com.smart.color.phone.emoji.model.Stats.,#13567,2,2,https://fabric.io/launcher5/android/apps/com.smart.color.phone.emoji/issues/5b59e0446007d59fcdd4e825?
SQLiteConnection.java,android.database.sqlite.SQLiteConnection.nativeExecuteForLastInsertedRowId,#14730,2,1,https://fabric.io/launcher5/android/apps/com.smart.color.phone.emoji/issues/5b72d2c36007d59fcdc2676d?
Parcel.java,android.os.Parcel.readException,#14833,2,1,https://fabric.io/launcher5/android/apps/com.smart.color.phone.emoji/issues/5b7528c46007d59fcdecf60f?
SearchRecyclerView.java,com.smart.color.phone.emoji.desktop.search.SearchRecyclerView.lambda$loadLocalApps$0,#15056,2,2,https://fabric.io/launcher5/android/apps/com.smart.color.phone.emoji/issues/5b7aee8c6007d59fcd5551df?
Utils.java,com.smart.color.phone.emoji.util.Utils.getScreenSize,#15394,2,2,https://fabric.io/launcher5/android/apps/com.smart.color.phone.emoji/issues/5b835b0e6007d59fcde9ae2d?
AppInfo.java,com.smart.color.phone.emoji.model.AppInfo.getLastUpdateTime,#15685,2,2,https://fabric.io/launcher5/android/apps/com.smart.color.phone.emoji/issues/5b8b84cb6007d59fcd7e3a6b?
d,com.facebook.ads.internal.view.b.d.a,#15853,2,1,https://fabric.io/launcher5/android/apps/com.smart.color.phone.emoji/issues/5b8f07926007d59fcdbbc6c6?
GameView,net.appcloudbox.internal.h5game.GameView$2.run,#15857,2,1,https://fabric.io/launcher5/android/apps/com.smart.color.phone.emoji/issues/5b8f259e6007d59fcdbd453b?
b,net.appcloudbox.ads.common.Task.b.c,#15945,2,2,https://fabric.io/launcher5/android/apps/com.smart.color.phone.emoji/issues/5b90fc0d6007d59fcddd69a4?
AndroidHttpRequestEngine.java,net.appcloudbox.trident.connection.AndroidHttpRequestEngine.getResponseCode,#16142,2,1,https://fabric.io/launcher5/android/apps/com.smart.color.phone.emoji/issues/5b9656766007d59fcd3b62bb?
bRu,bRu.a,#16168,2,1,https://fabric.io/launcher5/android/apps/com.smart.color.phone.emoji/issues/5b96bb006007d59fcd446d68?
ClickManager.java,com.inmobi.rendering.a.c.b,#16173,2,1,https://fabric.io/launcher5/android/apps/com.smart.color.phone.emoji/issues/5b96e0c76007d59fcd46e881?
b,net.appcloudbox.ads.common.Task.b.b,#16464,2,1,https://fabric.io/launcher5/android/apps/com.smart.color.phone.emoji/issues/5b9c78ddf8b88c2963ea3b4c?
AcbAnalytics.java,net.appcloudbox.common.analytics.AcbAnalytics.,#16773,2,1,https://fabric.io/launcher5/android/apps/com.smart.color.phone.emoji/issues/5ba402c4f8b88c2963a5340d?
ScratchView.java,com.honeycomb.launcher.game.luckydraw.ScratchView.updateErasePercent,#16805,2,1,https://fabric.io/launcher5/android/apps/com.smart.color.phone.emoji/issues/5ba4c1f1f8b88c2963b64159?
CommonWelcome.java,com.smart.color.phone.emoji.welcome.CommonWelcome.showChooseWallpaperView,#16817,2,1,https://fabric.io/launcher5/android/apps/com.smart.color.phone.emoji/issues/5ba55c84f8b88c2963c8ba2f?
AsyncCompositionLoader.java,com.airbnb.lottie.parser.AsyncCompositionLoader.com.airbnb.lottie.parser.LottieCompositionParser.parse,#16818,2,1,https://fabric.io/launcher5/android/apps/com.smart.color.phone.emoji/issues/5ba55c86f8b88c2963c8ba5b?
Gw,Gw.a,#16855,2,2,https://fabric.io/launcher5/android/apps/com.smart.color.phone.emoji/issues/5ba66c81f8b88c2963e27d34?
Dimensions.java,com.vertical.color.phone.download.DownloadStateListener.updateDownloaded,#16861,2,1,https://fabric.io/launcher5/android/apps/com.smart.color.phone.emoji/issues/5ba6c385f8b88c2963eaf6ad?
Launcher.java,com.smart.color.phone.emoji.desktop.Launcher.onClickBoostIcon,#16887,2,2,https://fabric.io/launcher5/android/apps/com.smart.color.phone.emoji/issues/5ba7a7a3f8b88c2963ff4a3e?
Launcher.java,com.smart.color.phone.emoji.desktop.Launcher.startActivityForResult,#16892,2,1,https://fabric.io/launcher5/android/apps/com.smart.color.phone.emoji/issues/5ba7c797f8b88c2963030c7e?
LauncherModel.java,com.smart.color.phone.emoji.model.LauncherModel.filterItemInfos,#16900,2,1,https://fabric.io/launcher5/android/apps/com.smart.color.phone.emoji/issues/5ba7ed52f8b88c2963072157?
:com.google.android.gms.dynamite_adsdynamite@13280046@13.2.80 (040306-211705629),com.acb.gamecenter.view.RecentlyGameItemView.a,#16941,2,1,https://fabric.io/launcher5/android/apps/com.smart.color.phone.emoji/issues/5ba9309bf8b88c296325a350?
ParticlesRenderer.java,com.smart.color.phone.emoji.livewallpaper.particleflow.ParticlesRenderer.checkGlError,#16958,2,1,https://fabric.io/launcher5/android/apps/com.smart.color.phone.emoji/issues/5ba9a5b0f8b88c29632f9c85?
ScratchView.java,com.honeycomb.launcher.game.luckydraw.ScratchView.createMasker,#16966,2,1,https://fabric.io/launcher5/android/apps/com.smart.color.phone.emoji/issues/5baa05f2f8b88c2963387980?
LuckyActivity.java,com.smart.color.phone.emoji.lucky.LuckyActivity.showGuideView,#16982,2,1,https://fabric.io/launcher5/android/apps/com.smart.color.phone.emoji/issues/5baa6efdf8b88c2963458d82?
LauncherApplication.java,com.smart.color.phone.emoji.LauncherApplication.com.smart.color.phone.emoji.util.PicCache.clearUnnecessaryCachedPics,#16986,2,1,https://fabric.io/launcher5/android/apps/com.smart.color.phone.emoji/issues/5baa900ef8b88c29634968dd?
SharedFolder.java,com.smart.color.phone.emoji.desktop.folder.SharedFolder.dispatchTouchEvent,#16990,2,1,https://fabric.io/launcher5/android/apps/com.smart.color.phone.emoji/issues/5baaa80bf8b88c29634bd9ed?
BubbleTextView.java,com.smart.color.phone.emoji.desktop.BubbleTextView.setIcon,#16993,2,1,https://fabric.io/launcher5/android/apps/com.smart.color.phone.emoji/issues/5baabba0f8b88c29634d79c6?
HSActivity.java,com.ihs.app.framework.activity.HSActivity.onResume,#157,1,1,https://fabric.io/launcher5/android/apps/com.smart.color.phone.emoji/issues/5a14934d61b02d480df47b27?
MediaPlayerBridge.java,org.chromium.media.MediaPlayerBridge$LoadDataUriTask.onPostExecute,#177,1,1,https://fabric.io/launcher5/android/apps/com.smart.color.phone.emoji/issues/5a1751e761b02d480d1d2b5b?
Daemons.java,java.lang.Daemons$FinalizerDaemon.doFinalize,#225,1,1,https://fabric.io/launcher5/android/apps/com.smart.color.phone.emoji/issues/5a19a5dc61b02d480d4111d8?
HSHttpConnection.java,com.ihs.commons.connection.HSHttpConnection.start,#312,1,1,https://fabric.io/launcher5/android/apps/com.smart.color.phone.emoji/issues/5a1d121d61b02d480d6babd1?
NativeProtocol.java,com.facebook.internal.NativeProtocol.fetchAllAvailableProtocolVersionsForAppInfo,#409,1,1,https://fabric.io/launcher5/android/apps/com.smart.color.phone.emoji/issues/5a1fe3cd61b02d480d924b51?
InputChannel.java,android.view.InputChannel.nativeDispose,#430,1,1,https://fabric.io/launcher5/android/apps/com.smart.color.phone.emoji/issues/5a210ad761b02d480da2a5bb?
IoBridge.java,libcore.io.IoBridge.closeSocket,#488,1,1,https://fabric.io/launcher5/android/apps/com.smart.color.phone.emoji/issues/5a238e9961b02d480dc3ff7a?
HashMap.java,java.util.HashMap.newKeyIterator,#570,1,1,https://fabric.io/launcher5/android/apps/com.smart.color.phone.emoji/issues/5a26eaec61b02d480deff9ec?
Daemons.java,java.lang.Daemons$Daemon.isRunning,#672,1,1,https://fabric.io/launcher5/android/apps/com.smart.color.phone.emoji/issues/5a2b55f18cb3c2fa6377e464?
CrashFileManager.java,org.chromium.components.minidump_uploader.CrashFileManager.,#683,1,1,https://fabric.io/launcher5/android/apps/com.smart.color.phone.emoji/issues/5a2c378d8cb3c2fa638489ee?
FinalizerReference.java,java.lang.ref.FinalizerReference.remove,#688,1,1,https://fabric.io/launcher5/android/apps/com.smart.color.phone.emoji/issues/5a2c62b78cb3c2fa63869d19?
NativeConverter.java,libcore.icu.NativeConverter.closeConverter,#744,1,1,https://fabric.io/launcher5/android/apps/com.smart.color.phone.emoji/issues/5a2f2d608cb3c2fa63ac172d?
NativeCrypto.java,com.android.org.conscrypt.NativeCrypto.EVP_PKEY_free,#770,1,1,https://fabric.io/launcher5/android/apps/com.smart.color.phone.emoji/issues/5a30c1948cb3c2fa63c20016?
Parcel.java,android.os.Parcel.readException,#842,1,1,https://fabric.io/launcher5/android/apps/com.smart.color.phone.emoji/issues/5a3363fe8cb3c2fa63e94200?
CloseGuard.java,dalvik.system.CloseGuard.warnIfOpen,#901,1,1,https://fabric.io/launcher5/android/apps/com.smart.color.phone.emoji/issues/5a35d6848cb3c2fa630c71c4?
AbstractOwnableSynchronizer.java,java.util.concurrent.locks.AbstractOwnableSynchronizer.getExclusiveOwnerThread,#1204,1,1,https://fabric.io/launcher5/android/apps/com.smart.color.phone.emoji/issues/5a43c1158cb3c2fa63bf6f75?
DismissKeyguradActivity.java,com.smart.color.phone.emoji.lockscreen.DismissKeyguradActivity.startSelfIfKeyguardSecure,#1273,1,1,https://fabric.io/launcher5/android/apps/com.smart.color.phone.emoji/issues/5a4543a48cb3c2fa63d1ef08?
ResourcesEx.java,com.huawei.android.content.res.ResourcesEx.loadDrawable,#1460,1,1,https://fabric.io/launcher5/android/apps/com.smart.color.phone.emoji/issues/5a490d898cb3c2fa63fb4f8a?
AssetManager.java,android.content.res.AssetManager$AssetInputStream.close,#1530,1,1,https://fabric.io/launcher5/android/apps/com.smart.color.phone.emoji/issues/5a4a5ac58cb3c2fa630801d0?
Object.java,java.lang.Object.notifyAll,#1621,1,1,https://fabric.io/launcher5/android/apps/com.smart.color.phone.emoji/issues/5a4bb5558cb3c2fa63162ed0?
IColorScreenshotManager.java,com.color.screenshot.IColorScreenshotManager$Stub$Proxy.isLongshotMoveState,#1868,1,1,https://fabric.io/launcher5/android/apps/com.smart.color.phone.emoji/issues/5a4f76678cb3c2fa6341592e?
SQLiteConnection.java,android.database.sqlite.SQLiteConnection.nativeExecute,#1979,1,1,https://fabric.io/launcher5/android/apps/com.smart.color.phone.emoji/issues/5a521b7f8cb3c2fa635f68e9?
NotificationCleanerProvider.java,com.smart.color.phone.emoji.notificationcleaner.data.NotificationCleanerProvider.fetchBlockedAndTimeValidNotificationDataList$30a3ae68,#2311,1,1,https://fabric.io/launcher5/android/apps/com.smart.color.phone.emoji/issues/5a5cd0ca8cb3c2fa63e3c1d4?
Parcel.java,android.os.Parcel.readException,#2473,1,1,https://fabric.io/launcher5/android/apps/com.smart.color.phone.emoji/issues/5a63037b8cb3c2fa6335b972?
OpenSSLSocketImpl.java,com.android.org.conscrypt.OpenSSLSocketImpl$SSLInputStream.read,#2605,1,1,https://fabric.io/launcher5/android/apps/com.smart.color.phone.emoji/issues/5a6797b58cb3c2fa637360e0?
WidgetsRecyclerView.java,com.smart.color.phone.emoji.desktop.widget.WidgetsRecyclerView.getCurScrollState,#3635,1,1,https://fabric.io/launcher5/android/apps/com.smart.color.phone.emoji/issues/5a7dadab8cb3c2fa63aa2277?
AlertMgr.java,com.ihs.app.alerts.impl.AlertMgr$2.loadAlertFile,#3660,1,1,https://fabric.io/launcher5/android/apps/com.smart.color.phone.emoji/issues/5a7e104e8cb3c2fa63b0e25c?
PackageInstallerCompatVL.java,com.smart.color.phone.emoji.compat.PackageInstallerCompatVL.,#3910,1,1,https://fabric.io/launcher5/android/apps/com.smart.color.phone.emoji/issues/5a81a7e88cb3c2fa63df566f?
d,com.facebook.ads.internal.q.a.d.a,#5127,1,1,https://fabric.io/launcher5/android/apps/com.smart.color.phone.emoji/issues/5aa47b608cb3c2fa63c57788?
AppLockController.java,com.smart.color.phone.emoji.applock.AppLockController$3.com.smart.color.phone.emoji.applock.lockscreen.AppLockFloatWindow.show,#5133,1,1,https://fabric.io/launcher5/android/apps/com.smart.color.phone.emoji/issues/5aa48c5c8cb3c2fa63c622a1?
Intents.java,com.mopub.common.util.Intents.deviceCanHandleIntent,#5182,1,1,https://fabric.io/launcher5/android/apps/com.smart.color.phone.emoji/issues/5aa563b28cb3c2fa63d155b1?
f,com.facebook.ads.internal.p.b.f.e,#5248,1,1,https://fabric.io/launcher5/android/apps/com.smart.color.phone.emoji/issues/5aa696368cb3c2fa63e0fb59?
String.java,java.lang.String.regionMatches,#5836,1,1,https://fabric.io/launcher5/android/apps/com.smart.color.phone.emoji/issues/5ab41fe38cb3c2fa63b1968a?
HeuristicAnimator.java,com.smart.color.phone.emoji.animation.HeuristicAnimator.postValue,#6478,1,1,https://fabric.io/launcher5/android/apps/com.smart.color.phone.emoji/issues/5ac8a54d36c7b23527ca67df?
WallpaperEditActivity.java,com.smart.color.phone.emoji.customize.activity.WallpaperEditActivity$3.run,#7001,1,1,https://fabric.io/launcher5/android/apps/com.smart.color.phone.emoji/issues/5ad9f6a936c7b23527751266?
CursorWindow.java,android.database.CursorWindow.,#7038,1,1,https://fabric.io/launcher5/android/apps/com.smart.color.phone.emoji/issues/5ada50dd36c7b23527800b4f?
ResultPageActivity.java,com.smart.color.phone.emoji.resultpage.ResultPageActivity.startForJunkClean,#7181,1,1,https://fabric.io/launcher5/android/apps/com.smart.color.phone.emoji/issues/5adc42de36c7b23527ab7000?
AppRunningUtils.java,com.ihs.device.common.utils.AppRunningUtils.getRunningAppFromService,#7540,1,1,https://fabric.io/launcher5/android/apps/com.smart.color.phone.emoji/issues/5ae412e0638393737a828733?
ResultPageActivity.java,com.smart.color.phone.emoji.resultpage.ResultPageActivity.onResume,#7926,1,1,https://fabric.io/launcher5/android/apps/com.smart.color.phone.emoji/issues/5aed316d11e9fa0aa57ecb80?
MultipleInstallBroadcastReceiver,com.appsflyer.MultipleInstallBroadcastReceiver.onReceive,#8490,1,1,https://fabric.io/launcher5/android/apps/com.smart.color.phone.emoji/issues/5af8485411e9fa0aa56d557c?
MediaExtractor.java,android.media.MediaExtractor.native_finalize,#9165,1,1,https://fabric.io/launcher5/android/apps/com.smart.color.phone.emoji/issues/5b05f8c911e9fa0aa57ec391?
XmlBlock.java,android.content.res.XmlBlock$Parser.finalize,#9418,1,1,https://fabric.io/launcher5/android/apps/com.smart.color.phone.emoji/issues/5b098fee6007d59fcd05859b?
AppLockGuideAppBackFloatTip.java,com.smart.color.phone.emoji.dialog.AppLockGuideAppBackFloatTip.initView,#9558,1,1,https://fabric.io/launcher5/android/apps/com.smart.color.phone.emoji/issues/5b0b63666007d59fcd261677?
DeviceManager.java,com.smart.color.phone.emoji.boost.DeviceManager.getRamUsage,#9592,1,1,https://fabric.io/launcher5/android/apps/com.smart.color.phone.emoji/issues/5b0c19e76007d59fcd342d3e?
NotificationServiceV18.java,com.smart.color.phone.emoji.badge.NotificationServiceV18.onCreate,#9600,1,1,https://fabric.io/launcher5/android/apps/com.smart.color.phone.emoji/issues/5b0c32256007d59fcd368ed3?
Bitmaps.java,com.superapps.util.Bitmaps.fastBlurImpl,#10929,1,1,https://fabric.io/launcher5/android/apps/com.smart.color.phone.emoji/issues/5b2534076007d59fcd001bea?
AdmobBannerAdapter,net.appcloudbox.ads.adadapter.AdmobBannerAdapter.AdmobBannerAdapter$2.run,#11398,1,1,https://fabric.io/launcher5/android/apps/com.smart.color.phone.emoji/issues/5b2db2506007d59fcd9695ae?
c,net.appcloudbox.internal.h5game.a.c.c,#11846,1,1,https://fabric.io/launcher5/android/apps/com.smart.color.phone.emoji/issues/5b3b7ad96007d59fcd82c2ef?
LauncherPredictionStatsAlgorithm.java,com.smart.color.phone.emoji.desktop.allapps.LauncherPredictionStatsAlgorithm.doSurvey,#13134,1,1,https://fabric.io/launcher5/android/apps/com.smart.color.phone.emoji/issues/5b53c43a6007d59fcd52eeb6?
LauncherPredictionStatsAlgorithm.java,com.smart.color.phone.emoji.desktop.allapps.LauncherPredictionStatsAlgorithm.getFrequentlyAppsByUsed,#13495,1,1,https://fabric.io/launcher5/android/apps/com.smart.color.phone.emoji/issues/5b58c33c6007d59fcdbcfa0b?
Workspace.java,com.smart.color.phone.emoji.desktop.Workspace.com.smart.color.phone.emoji.customize.wallpaper.WallpaperManagerProxy.getWallpaperInfo,#13724,1,1,https://fabric.io/launcher5/android/apps/com.smart.color.phone.emoji/issues/5b5c5b746007d59fcd08c199?
LauncherModel.java,com.smart.color.phone.emoji.model.LauncherModel$11.run,#13801,1,1,https://fabric.io/launcher5/android/apps/com.smart.color.phone.emoji/issues/5b5df44d6007d59fcd27dd3c?
UiAutomation.java,android.app.UiAutomation.throwIfNotConnectedLocked,#13865,1,1,https://fabric.io/launcher5/android/apps/com.smart.color.phone.emoji/issues/5b5ee3a16007d59fcd3888d3?
SQLiteConnection.java,android.database.sqlite.SQLiteConnection.nativePrepareStatement,#14529,1,1,https://fabric.io/launcher5/android/apps/com.smart.color.phone.emoji/issues/5b6df2406007d59fcd6ce831?
Parcel.java,android.os.Parcel.readException,#14684,1,1,https://fabric.io/launcher5/android/apps/com.smart.color.phone.emoji/issues/5b71bcbf6007d59fcdaf55a3?
ScreenStatusRouter.java,com.smart.color.phone.emoji.receiver.ScreenStatusRouter.turnOn,#14794,1,1,https://fabric.io/launcher5/android/apps/com.smart.color.phone.emoji/issues/5b74490e6007d59fcdde2d2d?
WebViewActivity.java,com.smart.color.phone.emoji.view.WebViewActivity$3.onReceivedTitle,#15528,1,1,https://fabric.io/launcher5/android/apps/com.smart.color.phone.emoji/issues/5b872fb06007d59fcd2fd484?
Game.java,com.acb.gamecenter.Game.,#15696,1,1,https://fabric.io/launcher5/android/apps/com.smart.color.phone.emoji/issues/5b8bd2666007d59fcd8369d8?
CellLayout.java,com.smart.color.phone.emoji.desktop.CellLayout.visualizeDropLocation$73629433,#15698,1,1,https://fabric.io/launcher5/android/apps/com.smart.color.phone.emoji/issues/5b8bd5586007d59fcd83a40d?
b,net.appcloudbox.ads.common.Task.b.a,#15756,1,1,https://fabric.io/launcher5/android/apps/com.smart.color.phone.emoji/issues/5b8d1c356007d59fcd98e834?
Game.java,com.acb.gamecenter.Game.,#15801,1,1,https://fabric.io/launcher5/android/apps/com.smart.color.phone.emoji/issues/5b8e07216007d59fcda87cf5?
Game.java,com.acb.gamecenter.Game.,#15822,1,1,https://fabric.io/launcher5/android/apps/com.smart.color.phone.emoji/issues/5b8e7f126007d59fcdb17d9e?
b,net.appcloudbox.ads.common.Task.b.c,#15976,1,1,https://fabric.io/launcher5/android/apps/com.smart.color.phone.emoji/issues/5b9196996007d59fcdea6641?
:com.google.android.gms.dynamite_adsdynamite@13280048@13.2.80 (040400-211705629),com.acb.call.ImageLoader.g_,#16595,1,1,https://fabric.io/launcher5/android/apps/com.smart.color.phone.emoji/issues/5b9fa1f7f8b88c29633377c5?
bRs,bRs.onDisplayChanged,#16800,1,1,https://fabric.io/launcher5/android/apps/com.smart.color.phone.emoji/issues/5ba493adf8b88c2963b1a3b9?
ScratchView.java,com.honeycomb.launcher.game.luckydraw.ScratchView$WeakReferenceAsyncTask.doInBackground,#16806,1,1,https://fabric.io/launcher5/android/apps/com.smart.color.phone.emoji/issues/5ba4c276f8b88c2963b64fb2?
LauncherApplication.java,com.smart.color.phone.emoji.LauncherApplication.access$lambda$6,#16842,1,1,https://fabric.io/launcher5/android/apps/com.smart.color.phone.emoji/issues/5ba627bff8b88c2963da6634?
LauncherSettingsActivity.java,com.smart.color.phone.emoji.settings.LauncherSettingsActivity.onClick,#16865,1,1,https://fabric.io/launcher5/android/apps/com.smart.color.phone.emoji/issues/5ba6dfc3f8b88c2963ed08cf?
